feature,importance
Recent Spend Change %,0.29405003757304293
Credit Limit,0.175796455393718
Cash Withdrawal %,0.1637253931078759
Utilisation %,0.12464920874320191
Min Due Paid Frequency,0.08475004824112396
Merchant Mix Index,0.08104882544017036
Avg Payment Ratio,0.07598003150086693
