feature,avg_importance
Merchant Mix Index,0.3790597538987463
Recent Spend Change %,0.32967910106331305
Avg Payment Ratio,0.15785611933807273
Cash Withdrawal %,0.054069252403539526
Utilisation %,0.02919744643392968
Min Due Paid Frequency,-0.009014929428281804
Credit Limit,-0.0658467437093195
