feature,importance
Recent Spend Change %,0.5032390889610232
Min Due Paid Frequency,0.1922923193074634
Avg Payment Ratio,0.13955406420707153
Merchant Mix Index,0.06382554351439396
Utilisation %,0.05123194668871272
Cash Withdrawal %,0.04985703732133516
Credit Limit,0.0
