feature,importance
Recent Spend Change %,0.19875698842698547
Utilisation %,0.18765901860472406
Avg Payment Ratio,0.17966113959899976
Cash Withdrawal %,0.1611295962255701
Min Due Paid Frequency,0.15095873446487174
Merchant Mix Index,0.11360671467726506
Credit Limit,0.008227808001583837
