feature,importance
Recent Spend Change %,0.18948042131099743
Credit Limit,0.18722067214147367
Utilisation %,0.16383240557859974
Cash Withdrawal %,0.16057526025889238
Avg Payment Ratio,0.11945416636359737
Min Due Paid Frequency,0.10106596221329939
Merchant Mix Index,0.07837111213314002
