feature,importance
Recent Spend Change %,0.6086956521739131
Merchant Mix Index,0.5652173913043478
Credit Limit,0.30434782608695654
Avg Payment Ratio,-0.043478260869565216
Min Due Paid Frequency,-0.08695652173913043
Utilisation %,-0.13043478260869565
Cash Withdrawal %,-0.21739130434782608
