feature,importance
Recent Spend Change %,0.17654395339387566
Utilisation %,0.16997510779822797
Min Due Paid Frequency,0.15243668875278416
Credit Limit,0.13096662203504514
Merchant Mix Index,0.1304084441206536
Avg Payment Ratio,0.12501114723694476
Cash Withdrawal %,0.11465803666246879
